{"cameraMode":{"drawMode":0,"name":"Shaded","section":"Shading Mode"},"sceneLighting":true,"audioPlay":false,"sceneViewState":{"m_AlwaysRefresh":false,"showFog":true,"showSkybox":true,"showFlares":true,"showImageEffects":true,"showParticleSystems":true,"showVisualEffectGraphs":true,"m_FxEnabled":true},"in2DMode":false,"pivot":{"x":-16.975690841674806,"y":17.87986183166504,"z":-43.791046142578128},"rotation":{"x":-0.12430272996425629,"y":-0.31973713636398318,"z":0.04014549404382706,"w":-0.9391660094261169},"size":3.768956184387207,"orthographic":false}